nyc,124065,4109,"[('people', 85), ('nyc', 48), ('am', 45), ('women', 42), ('time', 39)]"
Seattle,99109,4312,"[('people', 161), ('seattle', 103), ('parking', 66), ('city', 65), ('time', 53)]"
chicago,99634,4307,"[('people', 132), ('chicago', 79), ('city', 72), ('police', 69), ('cake', 59)]"
toronto,94551,4296,"[('people', 169), ('time', 61), ('toronto', 49), ('city', 48), ('police', 48)]"
LosAngeles,93860,4327,"[('people', 208), ('la', 133), ('city', 69), ('time', 58), ('trump', 52)]"
Portland,78470,4388,"[('people', 129), ('portland', 69), ('car', 68), ('traffic', 63), ('time', 60)]"
boston,75645,3977,"[('people', 151), ('boston', 146), ('am', 115), ('police', 78), ('time', 76)]"
Austin,73211,4353,"[('people', 179), ('city', 83), ('time', 61), ('uber', 59), ('cant', 45)]"
london,82543,4155,"[('people', 154), ('london', 127), ('tube', 89), ('police', 73), ('time', 59)]"
sanfrancisco,69976,4128,"[('people', 191), ('car', 71), ('time', 52), ('city', 50), ('yes', 49)]"
vancouver,60803,4277,"[('people', 185), ('flu', 101), ('shot', 54), ('vancouver', 51), ('time', 46)]"
washingtondc,51321,4378,"[('dc', 162), ('people', 125), ('please', 60), ('time', 57), ('metro', 50)]"
houston,64426,4285,"[('people', 144), ('water', 86), ('help', 66), ('please', 61), ('house', 55)]"
Atlanta,55743,4308,"[('atlanta', 104), ('people', 101), ('fuck', 64), ('time', 59), ('edit', 56)]"
philadelphia,49309,4393,"[('people', 150), ('time', 57), ('philly', 57), ('shit', 50), ('city', 48)]"
Denver,49592,3985,"[('people', 157), ('stores', 75), ('stop', 68), ('liquor', 65), ('colorado', 58)]"
melbourne,51882,4469,"[('people', 96), ('day', 64), ('time', 63), ('am', 61), ('night', 58)]"
sandiego,40713,4323,"[('people', 103), ('food', 99), ('fire', 94), ('san', 80), ('pro', 63)]"
