angelsbaseball,5980,3679,"[('fuck', 287), ('game', 213), ('fucking', 157), ('trout', 141), ('angels', 118)]"
Astros,10164,3950,"[('game', 178), ('astros', 154), ('fuck', 131), ('guys', 119), ('fucking', 85)]"
OaklandAthletics,7255,3840,"[('game', 226), ('fuck', 116), ('fucking', 107), ('guys', 95), ('time', 63)]"
Mariners,15095,4016,"[('fuck', 280), ('mariners', 162), ('fucking', 141), ('game', 138), ('shit', 75)]"
TexasRangers,11395,3892,"[('game', 172), ('rangers', 148), ('fuck', 133), ('fucking', 125), ('guys', 85)]"
whitesox,7275,3617,"[('sox', 176), ('game', 163), ('fuck', 147), ('fucking', 131), ('team', 105)]"
WahoosTipi,10874,3754,"[('game', 198), ('party', 164), ('fuck', 133), ('guys', 131), ('indians', 124)]"
motorcitykitties,11411,3795,"[('fuck', 161), ('tigers', 146), ('game', 138), ('fucking', 119), ('bullpen', 104)]"
KCRoyals,10638,4044,"[('royals', 178), ('game', 176), ('guys', 116), ('fucking', 103), ('fuck', 100)]"
minnesotatwins,8430,3794,"[('game', 182), ('twins', 146), ('sano', 114), ('fucking', 105), ('fuck', 105)]"
orioles,11364,3972,"[('game', 226), ('guys', 132), ('fucking', 112), ('fuck', 104), ('orioles', 98)]"
redsox,30754,3788,"[('koji', 299), ('game', 225), ('sox', 177), ('red', 122), ('fucking', 110)]"
NYYankees,13641,3918,"[('game', 206), ('fuck', 187), ('judge', 139), ('yankees', 99), ('fucking', 95)]"
tampabayrays,3612,3505,"[('rays', 207), ('game', 183), ('fuck', 134), ('win', 94), ('fucking', 93)]"
Torontobluejays,32616,3838,"[('game', 216), ('jays', 208), ('fuck', 159), ('fucking', 113), ('blue', 90)]"
azdiamondbacks,3536,3819,"[('fuck', 215), ('game', 168), ('goldy', 141), ('fucking', 117), ('dodgers', 115)]"
ColoradoRockies,4683,3853,"[('game', 177), ('fuck', 152), ('rockies', 127), ('fucking', 98), ('guys', 75)]"
Dodgers,18766,3751,"[('mvp', 272), ('game', 241), ('dodgers', 154), ('fuck', 146), ('fucking', 144)]"
Padres,4716,3956,"[('game', 174), ('padres', 160), ('fuck', 146), ('guys', 107), ('fucking', 92)]"
SFGiants,21740,3879,"[('giants', 267), ('game', 220), ('madbum', 104), ('fuck', 100), ('series', 99)]"
Cubs,13211,3586,"[('cubs', 267), ('hit', 199), ('game', 198), ('win', 109), ('guys', 95)]"
Reds,7684,4166,"[('reds', 196), ('fuck', 181), ('game', 163), ('fucking', 109), ('votto', 88)]"
Brewers,6879,3775,"[('cubs', 178), ('fuck', 176), ('game', 171), ('fucking', 132), ('brewers', 130)]"
buccos,7859,4053,"[('game', 205), ('pirates', 119), ('guys', 117), ('time', 94), ('fuck', 93)]"
Cardinals,15321,4102,"[('game', 200), ('fuck', 130), ('cardinals', 94), ('fucking', 89), ('guys', 86)]"
Braves,16966,4003,"[('game', 219), ('braves', 164), ('fuck', 131), ('fucking', 102), ('guys', 72)]"
letsgofish,2652,3827,"[('fuck', 373), ('game', 186), ('marlins', 138), ('guys', 118), ('hit', 78)]"
NewYorkMets,14351,3680,"[('game', 221), ('mets', 212), ('fucking', 122), ('fuck', 105), ('guys', 84)]"
phillies,12641,3682,"[('game', 189), ('fuck', 151), ('phillies', 121), ('fucking', 90), ('hit', 88)]"
Nationals,9598,3932,"[('game', 213), ('nats', 118), ('fuck', 110), ('fucking', 83), ('inning', 72)]"
