bostonceltics,32275,3646,"[('game', 234), ('fuck', 152), ('fucking', 142), ('celtics', 128), ('team', 93)]"
GoNets,5279,3571,"[('nets', 271), ('energy', 171), ('game', 121), ('team', 109), ('guys', 105)]"
NYKnicks,20834,3524,"[('game', 218), ('knicks', 156), ('fuck', 153), ('team', 131), ('fucking', 123)]"
sixers,18593,3640,"[('game', 198), ('fucking', 123), ('fuck', 106), ('team', 101), ('simmons', 99)]"
torontoraptors,25694,3425,"[('game', 260), ('fuck', 167), ('fucking', 149), ('jv', 137), ('demar', 112)]"
chicagobulls,29397,3427,"[('game', 233), ('fuck', 215), ('bulls', 156), ('fucking', 125), ('shit', 112)]"
clevelandcavs,23642,3267,"[('game', 233), ('fuck', 206), ('cavs', 193), ('fucking', 180), ('warriors', 112)]"
DetroitPistons,6898,3492,"[('game', 153), ('team', 125), ('fuck', 119), ('fucking', 108), ('kcp', 98)]"
pacers,5388,3284,"[('game', 201), ('pacers', 171), ('fuck', 146), ('fucking', 119), ('team', 111)]"
MkeBucks,8874,3697,"[('game', 183), ('thon', 169), ('bucks', 161), ('fuck', 151), ('fucking', 130)]"
AtlantaHawks,8228,3413,"[('fuck', 285), ('fucking', 216), ('game', 181), ('hawks', 131), ('shit', 104)]"
CharlotteHornets,5728,3399,"[('hornets', 270), ('win', 188), ('game', 183), ('team', 114), ('guys', 100)]"
heat,11663,3399,"[('game', 263), ('fuck', 188), ('fucking', 172), ('heat', 159), ('whiteside', 108)]"
OrlandoMagic,5010,3188,"[('team', 141), ('magic', 127), ('trade', 118), ('pick', 87), ('game', 85)]"
washingtonwizards,9074,3302,"[('game', 234), ('fuck', 183), ('wall', 159), ('fucking', 134), ('team', 122)]"
denvernuggets,4758,3619,"[('jokic', 303), ('game', 201), ('mudiay', 140), ('nuggets', 113), ('fuck', 104)]"
timberwolves,12687,3428,"[('game', 168), ('rubio', 148), ('kat', 136), ('fucking', 129), ('fuck', 117)]"
Thunder,12220,3184,"[('fuck', 284), ('game', 177), ('fucking', 148), ('guys', 141), ('team', 137)]"
ripcity,11016,3711,"[('game', 127), ('fuck', 108), ('pick', 100), ('team', 85), ('guys', 82)]"
UtahJazz,6249,3272,"[('jazz', 199), ('fuck', 188), ('game', 156), ('team', 135), ('fan', 111)]"
warriors,89006,3386,"[('game', 219), ('fuck', 213), ('curry', 163), ('warriors', 150), ('fucking', 143)]"
LAClippers,6962,3609,"[('game', 228), ('fucking', 209), ('fuck', 208), ('clippers', 114), ('shit', 96)]"
lakers,39618,3497,"[('game', 207), ('fuck', 184), ('fucking', 143), ('lakers', 116), ('ingram', 113)]"
suns,6194,3755,"[('suns', 149), ('fuck', 149), ('team', 106), ('game', 103), ('fucking', 101)]"
kings,7329,3516,"[('game', 142), ('kings', 136), ('fuck', 134), ('fucking', 106), ('win', 91)]"
Mavericks,9924,3473,"[('game', 189), ('fuck', 128), ('mavs', 127), ('team', 100), ('fucking', 96)]"
rockets,16146,3333,"[('rockets', 547), ('energy', 420), ('game', 247), ('harden', 217), ('fuck', 183)]"
memphisgrizzlies,3866,3443,"[('game', 199), ('team', 175), ('fuck', 100), ('fucking', 96), ('grizz', 91)]"
NOLAPelicans,3819,3199,"[('boogie', 222), ('ad', 214), ('game', 206), ('fucking', 140), ('fuck', 136)]"
NBASpurs,17508,3386,"[('fuck', 230), ('fucking', 204), ('game', 202), ('spurs', 183), ('shit', 111)]"
