buffalobills,13981,3445,"[('flag', 265), ('game', 195), ('bills', 172), ('fucking', 158), ('fuck', 145)]"
miamidolphins,13696,3295,"[('fuck', 692), ('jets', 553), ('game', 178), ('fucking', 178), ('dolphins', 139)]"
Patriots,63781,3620,"[('fuck', 200), ('game', 179), ('fucking', 155), ('patriots', 108), ('pats', 95)]"
nyjets,13520,3319,"[('jets', 212), ('game', 181), ('fitz', 162), ('fucking', 156), ('fuck', 126)]"
ravens,15823,3680,"[('fuck', 177), ('game', 173), ('ravens', 161), ('fucking', 160), ('flacco', 113)]"
bengals,12508,3458,"[('fucking', 213), ('fuck', 204), ('game', 170), ('bengals', 140), ('play', 109)]"
Browns,18922,3646,"[('browns', 191), ('fucking', 156), ('fuck', 152), ('game', 128), ('play', 86)]"
steelers,25506,3405,"[('game', 225), ('fuck', 214), ('fucking', 191), ('steelers', 127), ('play', 114)]"
Colts,12077,3302,"[('game', 239), ('fuck', 170), ('colts', 160), ('fucking', 149), ('luck', 136)]"
Jaguars,7536,3490,"[('jags', 197), ('game', 191), ('fucking', 187), ('bortles', 183), ('fuck', 141)]"
Texans,16469,3657,"[('fuck', 198), ('game', 181), ('fucking', 149), ('texans', 147), ('team', 99)]"
Tennesseetitans,8118,3428,"[('game', 202), ('fucking', 153), ('fuck', 138), ('titans', 130), ('play', 116)]"
DenverBroncos,24707,3434,"[('fucking', 215), ('fuck', 209), ('game', 185), ('broncos', 102), ('shit', 100)]"
KansasCityChiefs,14126,3493,"[('fuck', 208), ('fucking', 203), ('game', 195), ('chiefs', 164), ('smith', 130)]"
oaklandraiders,14997,3501,"[('game', 200), ('fuck', 195), ('fucking', 189), ('raiders', 140), ('carr', 133)]"
Chargers,11309,3470,"[('fuck', 347), ('fucking', 224), ('game', 207), ('chargers', 130), ('rivers', 128)]"
cowboys,31148,3425,"[('fucking', 195), ('game', 193), ('fuck', 146), ('dak', 132), ('cowboys', 110)]"
NYGiants,23631,3419,"[('fuck', 203), ('fucking', 192), ('game', 184), ('giants', 169), ('team', 106)]"
eagles,87425,3561,"[('fuck', 253), ('fucking', 222), ('game', 149), ('eagles', 128), ('play', 108)]"
Redskins,16306,3315,"[('game', 224), ('fucking', 200), ('fuck', 169), ('defense', 112), ('redskins', 93)]"
CHIBears,27149,3698,"[('bears', 335), ('game', 188), ('fuck', 177), ('fucking', 159), ('play', 90)]"
detroitlions,23010,3568,"[('fuck', 254), ('lions', 212), ('fucking', 179), ('game', 173), ('team', 94)]"
GreenBayPackers,49681,3429,"[('game', 184), ('fucking', 151), ('fuck', 149), ('pack', 114), ('packers', 107)]"
minnesotavikings,26529,3563,"[('game', 176), ('fuck', 163), ('fucking', 158), ('vikings', 121), ('play', 88)]"
falcons,17063,3440,"[('game', 204), ('fuck', 202), ('fucking', 180), ('defense', 180), ('falcons', 125)]"
panthers,16218,3604,"[('game', 200), ('cam', 174), ('fuck', 171), ('fucking', 158), ('panthers', 119)]"
Saints,11791,3445,"[('fuck', 195), ('game', 178), ('fucking', 172), ('saints', 116), ('defense', 110)]"
buccaneers,8393,3321,"[('game', 212), ('fucking', 201), ('fuck', 151), ('bucs', 120), ('team', 108)]"
AZCardinals,8337,3292,"[('fuck', 1680), ('game', 205), ('fucking', 151), ('team', 100), ('shit', 97)]"
49ers,30693,3532,"[('game', 191), ('fucking', 184), ('fuck', 153), ('kap', 106), ('team', 105)]"
Seahawks,44951,3477,"[('fuck', 247), ('game', 184), ('fucking', 181), ('holding', 125), ('seahawks', 108)]"
StLouisRams,3220,3875,"[('rams', 243), ('team', 169), ('nfl', 135), ('stadium', 132), ('st', 132)]"
