Libertarian,179377,3975,"[('people', 206), ('government', 81), ('libertarian', 58), ('taxes', 50), ('sub', 46)]"
Anarchism,79006,4140,"[('people', 183), ('reddit', 76), ('violence', 75), ('bash', 64), ('white', 63)]"
socialism,112648,4286,"[('people', 152), ('wage', 69), ('am', 59), ('minimum', 58), ('trump', 56)]"
progressive,47858,4120,"[('government', 137), ('people', 105), ('rights', 62), ('libertarians', 56), ('libertarian', 55)]"
Conservative,101543,4144,"[('trump', 191), ('people', 163), ('rubio', 63), ('election', 58), ('kasich', 58)]"
democrats,31394,4020,"[('trump', 137), ('people', 106), ('party', 92), ('vote', 80), ('news', 67)]"
Liberal,33160,4104,"[('people', 105), ('trump', 71), ('gun', 66), ('zimmerman', 63), ('government', 54)]"
Republican,29001,3739,"[('tax', 179), ('trump', 94), ('people', 84), ('taxes', 81), ('income', 67)]"
egalitarian,2284,3506,"[('people', 130), ('women', 129), ('rape', 104), ('person', 74), ('rights', 71)]"
demsocialist,6096,4219,"[('people', 153), ('party', 76), ('socialism', 74), ('socialist', 69), ('democratic', 69)]"
Anarcho_Capitalism,34912,4228,"[('people', 180), ('property', 82), ('white', 62), ('society', 48), ('time', 48)]"
GreenParty,8821,3816,"[('party', 263), ('green', 198), ('people', 158), ('voted', 61), ('government', 56)]"
Capitalism,5069,3567,"[('people', 212), ('capitalism', 178), ('system', 63), ('socialism', 63), ('communism', 59)]"
communism,33631,4190,"[('people', 148), ('communism', 56), ('society', 53), ('idea', 46), ('comrades', 45)]"
The_Donald,495509,4327,"[('trump', 245), ('comey', 151), ('am', 105), ('president', 97), ('fucking', 89)]"
