C_Programming,29204,3288,"[('code', 120), ('vim', 111), ('linux', 89), ('language', 79), ('system', 77)]"
Python,187146,4284,"[('python', 213), ('simulateme', 145), ('code', 82), ('uopfeels', 76), ('function', 59)]"
java,73833,3885,"[('java', 312), ('code', 100), ('null', 91), ('type', 84), ('desktop', 67)]"
javascript,130575,3899,"[('people', 133), ('endjs', 68), ('women', 66), ('runjs', 64), ('interview', 58)]"
cpp,53986,4279,"[('code', 87), ('rust', 72), ('language', 66), ('time', 60), ('library', 58)]"
ruby,35667,4028,"[('python', 108), ('people', 104), ('code', 98), ('rails', 66), ('degree', 57)]"
PHP,51349,3737,"[('people', 147), ('code', 144), ('php', 109), ('test', 74), ('coc', 71)]"
SQL,19197,3672,"[('sql', 173), ('data', 145), ('tables', 86), ('database', 78), ('time', 69)]"
csharp,43344,3789,"[('code', 166), ('java', 123), ('language', 70), ('class', 68), ('using', 66)]"
swift,28615,3840,"[('swift', 293), ('language', 156), ('apple', 97), ('app', 87), ('code', 86)]"
