MLS,69559,3992,"[('game', 182), ('mls', 121), ('time', 107), ('fuck', 100), ('goal', 79)]"
nrl,14717,3998,"[('game', 159), ('fuck', 145), ('fucking', 138), ('time', 85), ('nsw', 81)]"
baseball,586912,4018,"[('game', 235), ('series', 117), ('baseball', 98), ('cubs', 95), ('fucking', 89)]"
mlb,53041,3841,"[('game', 110), ('fan', 85), ('ball', 67), ('fans', 63), ('time', 60)]"
hockey,453179,4110,"[('game', 242), ('fuck', 120), ('fucking', 97), ('hockey', 94), ('pass', 80)]"
nhl,76660,3532,"[('team', 165), ('game', 134), ('nhl', 120), ('hockey', 93), ('fans', 81)]"
Basketball,19566,3466,"[('game', 135), ('basketball', 119), ('ball', 106), ('team', 97), ('play', 90)]"
golf,109668,3788,"[('golf', 124), ('day', 82), ('masters', 65), ('runner', 65), ('green', 63)]"
tennis,63732,3802,"[('match', 178), ('fed', 93), ('set', 92), ('win', 88), ('tennis', 87)]"
Cricket,48430,4392,"[('match', 104), ('cricket', 96), ('fucking', 84), ('australia', 82), ('kohli', 81)]"
bicycling,207600,3692,"[('bike', 219), ('road', 107), ('people', 98), ('car', 88), ('cyclists', 78)]"
bjj,63947,4009,"[('bjj', 155), ('people', 114), ('time', 66), ('judo', 61), ('belt', 57)]"
Boxing,82349,3635,"[('fight', 345), ('boxing', 196), ('fucking', 86), ('canelo', 80), ('fuck', 72)]"
formula1,246033,3804,"[('race', 216), ('car', 124), ('fuck', 111), ('vettel', 102), ('ferrari', 95)]"
MMA,393560,4231,"[('fight', 226), ('fuck', 109), ('fucking', 98), ('shit', 90), ('ufc', 83)]"
NASCAR,36086,3999,"[('race', 206), ('nascar', 156), ('time', 112), ('car', 100), ('racing', 61)]"
volleyball,8902,3212,"[('play', 143), ('team', 140), ('volleyball', 121), ('ball', 98), ('playing', 77)]"
wrestling,11811,3420,"[('wrestling', 171), ('match', 93), ('people', 91), ('wrestlers', 66), ('time', 64)]"
