leagueoflegends,1140126,3732,"[('game', 208), ('people', 157), ('riot', 83), ('championsuggest', 72), ('play', 72)]"
pokemon,774802,3770,"[('pokemon', 219), ('codes', 198), ('edit', 142), ('code', 127), ('game', 86)]"
Minecraft,484171,3680,"[('minecraft', 273), ('game', 178), ('microsoft', 122), ('notch', 119), ('mojang', 114)]"
skyrim,439994,4012,"[('pc', 130), ('skyrim', 107), ('game', 106), ('time', 63), ('bethesda', 56)]"
hearthstone,559343,4079,"[('cards', 157), ('card', 151), ('quest', 124), ('play', 106), ('nerf', 94)]"
GlobalOffensive,545319,4008,"[('rank', 140), ('voice', 105), ('smple', 95), ('valve', 89), ('gambling', 75)]"
wow,422437,3469,"[('blizzard', 174), ('people', 151), ('game', 146), ('servers', 143), ('server', 129)]"
DotA2,371498,4285,"[('team', 131), ('game', 121), ('ti', 95), ('buff', 94), ('dota', 87)]"
Fallout,360864,4022,"[('game', 178), ('fallout', 129), ('gb', 81), ('â–ˆ', 76), ('fuck', 72)]"
DestinyTheGame,418162,4244,"[('game', 87), ('bungie', 84), ('time', 59), ('nerf', 54), ('people', 52)]"
starcraft,190501,3736,"[('game', 158), ('sc', 108), ('people', 107), ('games', 87), ('terran', 84)]"
smashbros,234346,3943,"[('game', 191), ('smash', 184), ('characters', 101), ('people', 93), ('character', 89)]"
GrandTheftAutoV,181866,3618,"[('game', 174), ('left', 101), ('gta', 94), ('online', 74), ('cops', 72)]"
tf2,174914,3701,"[('damage', 126), ('changes', 104), ('weapon', 85), ('spy', 83), ('speed', 79)]"
zelda,222642,3597,"[('game', 217), ('link', 87), ('time', 72), ('weapons', 63), ('favorite', 63)]"
Diablo,161950,3613,"[('game', 144), ('guest', 90), ('pass', 86), ('diablo', 83), ('act', 80)]"
civ,210759,3822,"[('game', 193), ('civ', 139), ('city', 115), ('units', 88), ('cities', 78)]"
Guildwars2,154599,3621,"[('game', 160), ('people', 140), ('banned', 108), ('exploit', 89), ('ban', 78)]"
dayz,106581,3803,"[('game', 180), ('dayz', 123), ('people', 105), ('feel', 59), ('time', 53)]"
KerbalSpaceProgram,162866,3795,"[('game', 191), ('ksp', 109), ('space', 81), ('time', 69), ('thank', 68)]"
FIFA,112674,3884,"[('ps', 245), ('xbox', 242), ('fifa', 146), ('game', 120), ('ea', 119)]"
halo,156342,3731,"[('halo', 320), ('game', 263), ('time', 78), ('chief', 62), ('games', 58)]"
